group,symbol,size,outer_d_mm,inner_d_mm,thickness_mm,SWD_mm,LWD_mm,unit,length_m,weight,note,列1,列2
,,,,,,,,,,,,,
H形鋼(広幅),H,6×８×100×100,,,,,,bar,,16.9,JIS G3192 相当,,
H形鋼(広幅),H,6.5×9×125×125,,,,,,bar,,23.6,JIS G3192 相当,,
H形鋼(広幅),H,7×10×150×150,,,,,,bar,,31.1,JIS G3192 相当,,
H形鋼(広幅),H,7.5×11×175×175,,,,,,bar,,40.4,JIS G3192 相当,,
H形鋼(広幅),H,8×12×200×200,,,,,,bar,,49.9,JIS G3192 相当,,
H形鋼(広幅),H,9×14×250×250,,,,,,bar,,71.8,JIS G3192 相当,,
H形鋼(広幅),H,10×15×300×300,,,,,,bar,,93,JIS G3192 相当,,
H形鋼(広幅),H,12×19×350×350,,,,,,bar,,135,JIS G3192 相当,,
H形鋼(広幅),H,13×21×400×400,,,,,,bar,,172,JIS G3192 相当,,
,,,,,,,,,,,,,
H形鋼(細幅),H,5×7×100×50,,,,,,bar,,9.3,JIS G3192 相当,,
H形鋼(細幅),H,6×8×125×60,,,,,,bar,,13.1,JIS G3192 相当,,
H形鋼(細幅),H,5×7×150×75,,,,,,bar,,14,JIS G3192 相当,,
H形鋼(細幅),H,5×8×175×90,,,,,,bar,,18,JIS G3192 相当,,
H形鋼(細幅),H,4.5×7×198×99,,,,,,bar,,17.8,JIS G3192 相当,,
H形鋼(細幅),H,5.5×8×200×100,,,,,,bar,,20.9,JIS G3192 相当,,
H形鋼(細幅),H,5×8×248×124,,,,,,bar,,25.1,JIS G3192 相当,,
H形鋼(細幅),H,6×9×250×125,,,,,,bar,,29,JIS G3192 相当,,
H形鋼(細幅),H,5.5×8×298×149,,,,,,bar,,32,JIS G3192 相当,,
H形鋼(細幅),H,6.5×9×300×150,,,,,,bar,,36.7,JIS G3192 相当,,
H形鋼(細幅),H,6×9×346×174,,,,,,bar,,41.2,,,
H形鋼(細幅),H,7×11×350×175,,,,,,bar,,49.4,,,
H形鋼(細幅),H,7×11×396×199,,,,,,bar,,56.1,,,
H形鋼(細幅),H,8×13×400×200,,,,,,bar,,65.4,,,
H形鋼(細幅),H,8×12×446×199,,,,,,bar,,65.1,,,
H形鋼(細幅),H,9×14×450×200,,,,,,bar,,74.9,,,
H形鋼(細幅),H,9×14×496×199,,,,,,bar,,77.9,,,
H形鋼(細幅),H,10×16×500×200,,,,,,bar,,88.2,,,
H形鋼(細幅),H,10×15×596×199,,,,,,bar,,92.5,,,
H形鋼(細幅),H,11×17×600×200,,,,,,bar,,103,,,
,,,,,,,,,,,,,
H形鋼(中幅),H,6×9×148×100,,,,,,bar,,20.7,JIS G3192 相当,,
H形鋼(中幅),H,6×9×194×150,,,,,,bar,,29.9,JIS G3192 相当,,
H形鋼(中幅),H,7×11×244×175,,,,,,bar,,43.6,JIS G3192 相当,,
H形鋼(中幅),H,8×12×294×200,,,,,,bar,,55.8,JIS G3192 相当,,
H形鋼(中幅),H,9×14×340×250,,,,,,bar,,78.1,JIS G3192 相当,,
H形鋼(中幅),H,10×16×390×300,,,,,,bar,,105,JIS G3192 相当,,
H形鋼(中幅),H,11×18×440×300,,,,,,bar,,121,JIS G3193 相当,,
H形鋼(中幅),H,11×15×482×300,,,,,,bar,,111,JIS G3194 相当,,
H形鋼(中幅),H,11×18×488×300,,,,,,bar,,123,JIS G3195 相当,,
H形鋼(中幅),H,12×17×582×300,,,,,,bar,,133,JIS G3196 相当,,
H形鋼(中幅),H,12×20×582×300,,,,,,bar,,147,JIS G3197 相当,,
H形鋼(中幅),H,13×20×692×300,,,,,,bar,,163,JIS G3198 相当,,
H形鋼(中幅),H,13×24×700×300,,,,,,bar,,182,JIS G3199 相当,,
,,,,,,,,,,,,,
アングル,L,3×20×20,,,,,,bar,,0.885,長さ=5.5mまたは6m,,
アングル,L,3×25×25,,,,,,bar,,1.12,長さ=5.5mまたは6m,,
アングル,L,3×30×30,,,,,,bar,,1.36,長さ=5.5mまたは6m,,
アングル,L,5×30×30,,,,,,bar,,2.16,長さ=5.5mまたは6m,,
アングル,L,3×40×40,,,,,,bar,,1.83,長さ=5.5mまたは6m,,
アングル,L,5×40×40,,,,,,bar,,2.95,長さ=5.5mまたは6m,,
アングル,L,4×50×50,,,,,,bar,,3.06,長さ=5.5mまたは6m,,
アングル,L,6×50×50,,,,,,bar,,4.43,長さ=5.5mまたは6m,,
アングル,L,6×65×65,,,,,,bar,,5.91,長さ=5.5mまたは6m,,
アングル,L,8×65×65,,,,,,bar,,7.66,長さ=5.5mまたは6m,,
アングル,L,6×75×75,,,,,,bar,,6.85,長さ=5.5mまたは6m,,
アングル,L,9×75×75,,,,,,bar,,9.96,長さ=5.5mまたは6m,,
アングル,L,12×75×75,,,,,,bar,,13,長さ=5.5mまたは6m,,
アングル,L,7×90×90,,,,,,bar,,9.59,長さ=5.5mまたは6m,,
アングル,L,10×90×90,,,,,,bar,,13.3,長さ=5.5mまたは6m,,
アングル,L,13×90×90,,,,,,bar,,17,長さ=5.5mまたは6m,,
アングル,L,7×100×100,,,,,,bar,,10.7,長さ=5.5mまたは6m,,
アングル,L,10×100×100,,,,,,bar,,14.9,長さ=5.5mまたは6m,,
アングル,L,13×100×100,,,,,,bar,,19.1,長さ=5.5mまたは6m,,
アングル,L,9×130×130,,,,,,bar,,17.9,長さ=5.5mまたは6m,,
アングル,L,12×130×130,,,,,,bar,,23.4,長さ=5.5mまたは6m,,
アングル,L,15×130×130,,,,,,bar,,28.8,長さ=5.5mまたは6m,,
アングル,L,12×150×150,,,,,,bar,,27.3,長さ=5.5mまたは6m,,
アングル,L,15×150×150,,,,,,bar,,33.6,長さ=5.5mまたは6m,,
アングル,L,19×150×150,,,,,,bar,,41.9,長さ=5.5mまたは6m,,
アングル,L,15×200×200,,,,,,bar,,45.3,長さ=5.5mまたは6m,,
アングル,L,20×200×200,,,,,,bar,,59.7,長さ=5.5mまたは6m,,
,,,,,,,,,,,,,
チャンネル,C,75×40×5,,,,,,bar,,6.92,長さ=5.5mまたは6m,,
チャンネル,C,100×50×5,,,,,,bar,,9.36,長さ=5.5mまたは6m,,
チャンネル,C,125×65×6,,,,,,bar,,13.4,長さ=5.5mまたは6m,,
チャンネル,C,150×75×6.5,,,,,,bar,,18.6,長さ=5.5mまたは6m,,
チャンネル,C,150×75×9,,,,,,bar,,24,長さ=5.5mまたは6m,,
チャンネル,C,200×80×7.5,,,,,,bar,,24.6,長さ=5.5mまたは6m,,
チャンネル,C,200×90×8,,,,,,bar,,30.3,長さ=5.5mまたは6m,,
チャンネル,C,250×90×9,,,,,,bar,,34.6,長さ=5.5mまたは6m,,
チャンネル,C,250×90×11,,,,,,bar,,40.2,長さ=5.5mまたは6m,,
チャンネル,C,300×90×9,,,,,,bar,,38.1,長さ=5.5mまたは6m,,
チャンネル,C,300×90×10,,,,,,bar,,43.8,長さ=5.5mまたは6m,,
チャンネル,C,300×90×12,,,,,,bar,,48.6,長さ=5.5mまたは6m,,
,,,,,,,,,,,,,
フラットバー,FB,3×13,,,3.2,,,bar,,0.306,,,
フラットバー,FB,3×16,,,3.2,,,bar,,0.377,,,
フラットバー,FB,3×19,,,3.2,,,bar,,0.447,,,
フラットバー,FB,3×22,,,3.2,,,bar,,0.518,,,
フラットバー,FB,3×25,,,3.2,,,bar,,0.589,,,
フラットバー,FB,3×32,,,3.2,,,bar,,0.754,,,
フラットバー,FB,3×38,,,3.2,,,bar,,0.895,,,
フラットバー,FB,3×44,,,3.2,,,bar,,1.04,,,
フラットバー,FB,3×50,,,3.2,,,bar,,1.18,,,
,,,,,,,,,,,,,
フラットバー,FB,4.5×13,,,4.5,,,bar,,0.459,,,
フラットバー,FB,4.5×16,,,4.5,,,bar,,0.565,,,
フラットバー,FB,4.5×19,,,4.5,,,bar,,0.671,,,
フラットバー,FB,4.5×22,,,4.5,,,bar,,0.777,,,
フラットバー,FB,4.5×25,,,4.5,,,bar,,0.883,,,
フラットバー,FB,4.5×32,,,4.5,,,bar,,1.13,,,
フラットバー,FB,4.5×38,,,4.5,,,bar,,1.34,,,
フラットバー,FB,4.5×44,,,4.5,,,bar,,1.55,,,
フラットバー,FB,4.5×50,,,4.5,,,bar,,1.77,,,
フラットバー,FB,4.5×65,,,4.5,,,bar,,2.3,,,
フラットバー,FB,4.5×75,,,4.5,,,bar,,2.65,,,
フラットバー,FB,4.5×90,,,4.5,,,bar,,3.18,,,
フラットバー,FB,4.5×100,,,4.5,,,bar,,3.53,,,
,,,,,,,,,,,,,
フラットバー,FB,6×13,,,6,,,bar,,0.612,,,
フラットバー,FB,6×16,,,6,,,bar,,0.754,,,
フラットバー,FB,6×19,,,6,,,bar,,0.895,,,
フラットバー,FB,6×22,,,6,,,bar,,1.04,,,
フラットバー,FB,6×25,,,6,,,bar,,1.18,,,
フラットバー,FB,6×32,,,6,,,bar,,1.51,,,
フラットバー,FB,6×38,,,6,,,bar,,1.79,,,
フラットバー,FB,6×44,,,6,,,bar,,2.07,,,
フラットバー,FB,6×50,,,6,,,bar,,2.36,,,
フラットバー,FB,6×65,,,6,,,bar,,3.06,,,
フラットバー,FB,6×75,,,6,,,bar,,3.53,,,
フラットバー,FB,6×90,,,6,,,bar,,4.24,,,
フラットバー,FB,6×100,,,6,,,bar,,4.71,,,
フラットバー,FB,6×125,,,6,,,bar,,5.89,,,
フラットバー,FB,6×150,,,6,,,bar,,7.06,,,
フラットバー,FB,6×175,,,6,,,bar,,8.24,,,
フラットバー,FB,6×200,,,6,,,bar,,9.42,,,
フラットバー,FB,6×250,,,6,,,bar,,11.8,,,
フラットバー,FB,6×300,,,6,,,bar,,14.1,,,
,,,,,,,,,,,,,
フラットバー,FB,9×16,,,9,,,bar,,1.13,,,
フラットバー,FB,9×19,,,9,,,bar,,1.33,,,
フラットバー,FB,9×22,,,9,,,bar,,1.55,,,
フラットバー,FB,9×25,,,9,,,bar,,1.77,,,
フラットバー,FB,9×32,,,9,,,bar,,2.26,,,
フラットバー,FB,9×38,,,9,,,bar,,2.68,,,
フラットバー,FB,9×44,,,9,,,bar,,3.11,,,
フラットバー,FB,9×50,,,9,,,bar,,3.53,,,
フラットバー,FB,9×65,,,9,,,bar,,4.59,,,
フラットバー,FB,9×75,,,9,,,bar,,5.3,,,
フラットバー,FB,9×90,,,9,,,bar,,6.36,,,
フラットバー,FB,9×100,,,9,,,bar,,7.06,,,
フラットバー,FB,9×125,,,9,,,bar,,8.83,,,
フラットバー,FB,9×150,,,9,,,bar,,10.6,,,
フラットバー,FB,9×175,,,9,,,bar,,12.4,,,
フラットバー,FB,9×200,,,9,,,bar,,14.1,,,
フラットバー,FB,9×250,,,9,,,bar,,17.7,,,
フラットバー,FB,9×300,,,9,,,bar,,21.2,,,
フラットバー,FB,9×350,,,9,,,bar,,24.7,,,
,,,,,,,,,,,,,
フラットバー,FB,12×25,,,12,,,bar,,2.36,,,
フラットバー,FB,12×32,,,12,,,bar,,3.02,,,
フラットバー,FB,12×38,,,12,,,bar,,3.59,,,
フラットバー,FB,12×44,,,12,,,bar,,4.16,,,
フラットバー,FB,12×50,,,12,,,bar,,4.72,,,
フラットバー,FB,12×65,,,12,,,bar,,6.14,,,
フラットバー,FB,12×75,,,12,,,bar,,7.08,,,
フラットバー,FB,12×90,,,12,,,bar,,8.5,,,
フラットバー,FB,12×100,,,12,,,bar,,9.44,,,
フラットバー,FB,12×125,,,12,,,bar,,11.8,,,
フラットバー,FB,12×150,,,12,,,bar,,14.1,,,
フラットバー,FB,12×175,,,12,,,bar,,15.5,,,
フラットバー,FB,12×200,,,12,,,bar,,18.88,,,
フラットバー,FB,12×250,,,12,,,bar,,23.6,,,
フラットバー,FB,12×300,,,12,,,bar,,28.3,,,
フラットバー,FB,12×350,,,12,,,bar,,33,,,
,,,,,,,,,,,,,
フラットバー,FB,16×25,,,16,,,bar,,3.14,,,
フラットバー,FB,16×32,,,16,,,bar,,4.02,,,
フラットバー,FB,16×38,,,16,,,bar,,4.77,,,
フラットバー,FB,16×44,,,16,,,bar,,5.53,,,
フラットバー,FB,16×50,,,16,,,bar,,6.28,,,
フラットバー,FB,16×65,,,16,,,bar,,8.16,,,
フラットバー,FB,16×75,,,16,,,bar,,9.42,,,
フラットバー,FB,16×90,,,16,,,bar,,11.3,,,
フラットバー,FB,16×100,,,16,,,bar,,12.6,,,
フラットバー,FB,16×125,,,16,,,bar,,15.7,,,
フラットバー,FB,16×150,,,16,,,bar,,18.8,,,
フラットバー,FB,16×200,,,16,,,bar,,25.1,,,
フラットバー,FB,16×250,,,16,,,bar,,31.4,,,
フラットバー,FB,16×300,,,16,,,bar,,37.7,,,
フラットバー,FB,16×350,,,16,,,bar,,44,,,
,,,,,,,,,,,,,
フラットバー,FB,19×32,,,19,,,bar,,4.77,,,
フラットバー,FB,19×38,,,19,,,bar,,5.65,,,
フラットバー,FB,19×44,,,19,,,bar,,6.56,,,
フラットバー,FB,19×50,,,19,,,bar,,7.46,,,
フラットバー,FB,19×65,,,19,,,bar,,9.69,,,
フラットバー,FB,19×75,,,19,,,bar,,11.2,,,
フラットバー,FB,19×90,,,19,,,bar,,13.4,,,
フラットバー,FB,19×100,,,19,,,bar,,14.9,,,
フラットバー,FB,19×125,,,19,,,bar,,18.6,,,
フラットバー,FB,19×150,,,19,,,bar,,22.4,,,
フラットバー,FB,19×200,,,19,,,bar,,29.8,,,
フラットバー,FB,19×250,,,19,,,bar,,37.3,,,
フラットバー,FB,19×300,,,19,,,bar,,44.7,,,
フラットバー,FB,19×350,,,19,,,bar,,52.2,,,
,,,,,,,,,,,,,
フラットバー,FB,22×50,,,22,,,bar,,8.64,,,
フラットバー,FB,22×65,,,22,,,bar,,11.2,,,
フラットバー,FB,22×75,,,22,,,bar,,13,,,
フラットバー,FB,22×90,,,22,,,bar,,15.5,,,
フラットバー,FB,22×100,,,22,,,bar,,17.3,,,
フラットバー,FB,22×125,,,22,,,bar,,21.6,,,
フラットバー,FB,22×150,,,22,,,bar,,25.9,,,
フラットバー,FB,22×200,,,22,,,bar,,34.5,,,
フラットバー,FB,22×250,,,22,,,bar,,43.2,,,
フラットバー,FB,22×300,,,22,,,bar,,51.8,,,
,,,,,,,,,,,,,
フラットバー,FB,25×50,,,25,,,bar,,9.84,,,
フラットバー,FB,25×65,,,25,,,bar,,12.8,,,
フラットバー,FB,25×75,,,25,,,bar,,14.7,,,
フラットバー,FB,25×90,,,25,,,bar,,17.7,,,
フラットバー,FB,25×100,,,25,,,bar,,19.6,,,
フラットバー,FB,25×125,,,25,,,bar,,24.5,,,
フラットバー,FB,25×150,,,25,,,bar,,29.4,,,
フラットバー,FB,25×200,,,25,,,bar,,39.2,,,
フラットバー,FB,25×250,,,25,,,bar,,49.1,,,
フラットバー,FB,25×300,,,25,,,bar,,58.9,,,
,,,,,,,,,,,,,
角パイプ(正方形）,STK,1.6×19×19,,,,,,bar,5.5,0.939,,,
角パイプ(正方形）,STK,1.6×25×25,,,,,,bar,5.5,1.28,,,
角パイプ(正方形）,STK,1.6×28×28,,,,,,bar,5.5,1.44,,,
,,,,,,,,,,,,,
角パイプ(正方形）,STK,1.6×32×32,,,,,,bar,5.5,1.62,,,
角パイプ(正方形）,STK,1.6×38×38,,,,,,bar,5.5,2.09,,,
,,,,,,,,,,,,,
角パイプ(正方形）,STK,1.6×40×40,,,,,,bar,6,1.88,,,
角パイプ(正方形）,STK,2.3×40×40,,,,,,bar,6,2.62,,,
角パイプ(正方形）,STK,3.2×40×40,,,,,,bar,6,3.65,,,
,,,,,,,,,,,,,
角パイプ(正方形）,STK,1.6×50×50,,,,,,bar,6,2.38,,,
角パイプ(正方形）,STK,2.3×50×50,,,,,,bar,6,3.34,,,
角パイプ(正方形）,STK,3.2×50×50,,,,,,bar,6,4.5,,,
,,,,,,,,,,,,,
角パイプ(正方形）,STK,1.6×60×60,,,,,,bar,6,2.88,,,
角パイプ(正方形）,STK,2.3×60×60,,,,,,bar,6,4.06,,,
角パイプ(正方形）,STK,3.2×60×60,,,,,,bar,6,5.5,,,
,,,,,,,,,,,,,
角パイプ(正方形）,STK,2.3×75×75,,,,,,bar,6,5.14,,,
角パイプ(正方形）,STK,3.2×75×75,,,,,,bar,6,7.01,,,
,,,,,,,,,,,,,
角パイプ(正方形）,STK,2.3×100×100,,,,,,bar,6,6.95,,,
角パイプ(正方形）,STK,3.2×100×100,,,,,,bar,6,9.52,,,
角パイプ(正方形）,STK,4.5×100×100,,,,,,bar,6,13.1,,,
角パイプ(正方形）,STK,6.0×100×100,,,,,,bar,6,17,,,
,,,,,,,,,,,,,
角パイプ(正方形）,STK,3.2×125×125,,,,,,bar,6,12,,,
角パイプ(正方形）,STK,4.5×125×125,,,,,,bar,6,16.6,,,
角パイプ(正方形）,STK,6.0×125×125,,,,,,bar,6,21.7,,,
,,,,,,,,,,,,,
角パイプ(正方形）,STK,4.5×150×150,,,,,,bar,6,20.1,,,
角パイプ(正方形）,STK,5.0×150×150,,,,,,bar,6,22.3,,,
角パイプ(正方形）,STK,6.0×150×150,,,,,,bar,6,26.4,,,
,,,,,,,,,,,,,
角パイプ(正方形）,STK,6.0×175×175,,,,,,bar,6,31.1,,,
角パイプ(正方形）,STK,9.0×175×175,,,,,,bar,6,45.3,,,
,,,,,,,,,,,,,
,,,,,,,,,,,,,
配管用鋼管(SGP/STPG),SGP,6A,10.5,6.5,2,,,bar,5.5,0.419,,,
配管用鋼管(SGP/STPG),SGP,8A,13.8,9.2,2.3,,,bar,5.5,0.652,,,
配管用鋼管(SGP/STPG),SGP,10A,17.3,12.7,2.3,,,bar,5.5,0.851,,,
配管用鋼管(SGP/STPG),SGP,15A,21.7,15.8,2.8,,,bar,5.5,1.31,JIS G3452,,
配管用鋼管(SGP/STPG),SGP,20A,27.2,21.7,2.8,,,bar,5.5,1.68,JIS G3452,,
配管用鋼管(SGP/STPG),SGP,25A,34,27.6,3.2,,,bar,5.5,2.43,JIS G3452,,
配管用鋼管(SGP/STPG),SGP,32A,42.7,35.5,3.5,,,bar,5.5,3.38,JIS G3452,,
配管用鋼管(SGP/STPG),SGP,40A,48.6,41.2,3.5,,,bar,5.5,3.89,JIS G3452,,
配管用鋼管(SGP/STPG),SGP,50A,60.5,52.7,3.8,,,bar,5.5,5.31,JIS G3452,,
配管用鋼管(SGP/STPG),SGP,65A,76.3,67.9,4.2,,,bar,5.5,7.47,JIS G3452,,
配管用鋼管(SGP/STPG),SGP,80A,89.1,79.3,4.2,,,bar,5.5,8.79,JIS G3452,,
配管用鋼管(SGP/STPG),SGP,90A,101.6,93.2,4.2,,,bar,5.5,10.1,,,
配管用鋼管(SGP/STPG),SGP,100A,114.3,102.3,4.5,,,bar,5.5,12.2,JIS G3452,,
配管用鋼管(SGP/STPG),SGP,125A,139.8,127.8,4.5,,,bar,5.5,15,JIS G3452,,
配管用鋼管(SGP/STPG),SGP,150A,165.2,153.2,5,,,bar,5.5,19.8,JIS G3452,,
配管用鋼管(SGP/STPG),SGP,175A,190.7,180.1,5.3,,,bar,5.5,24.2,,,
配管用鋼管(SGP/STPG),SGP,200A,216.3,203.9,5.8,,,bar,5.5,30.1,JIS G3452,,
配管用鋼管(SGP/STPG),SGP,250A,267.4,254.2,6.6,,,bar,5.5,42.4,JIS G3452,,
配管用鋼管(SGP/STPG),SGP,300A,318.5,304.7,6.9,,,bar,5.5,53,,,
配管用鋼管(SGP/STPG),SGP,350A,355.6,339.8,7.9,,,bar,5.5,67.7,,,
配管用鋼管(SGP/STPG),SGP,400A,406.4,390.6,7.9,,,bar,5.5,77.6,,,
,,,,,,,,,,,,,
丸棒,MC,φ6,,,,,,bar,,0.22,JIS 一般構造用,,
丸棒,MC,φ9,,,,,,bar,,0.5,JIS 一般構造用,,
丸棒,MC,φ12,,,,,,bar,,0.88,JIS 一般構造用,,
丸棒,MC,φ13,,,,,,bar,,1.04,JIS 一般構造用,,
丸棒,MC,φ16,,,,,,bar,,1.58,JIS 一般構造用,,
丸棒,MC,φ19,,,,,,bar,,2.23,JIS 一般構造用,,
丸棒,MC,φ22,,,,,,bar,,2.98,JIS 一般構造用,,
丸棒,MC,φ25,,,,,,bar,,3.85,JIS 一般構造用,,
丸棒,MC,φ28,,,,,,bar,,4.83,JIS 一般構造用,,
丸棒,MC,φ32,,,,,,bar,,6.31,JIS 一般構造用,,
丸棒,MC,φ36,,,,,,bar,,7.99,JIS 一般構造用,,
丸棒,MC,φ38,,,,,,bar,,8.9,JIS 一般構造用,,
丸棒,MC,φ42,,,,,,bar,,10.9,JIS 一般構造用,,
丸棒,MC,φ44,,,,,,bar,,11.9,JIS 一般構造用,,
丸棒,MC,φ46,,,,,,bar,,13,JIS 一般構造用,,
丸棒,MC,φ48,,,,,,bar,,14.2,JIS 一般構造用,,
丸棒,MC,φ50,,,,,,bar,,15.4,JIS 一般構造用,,
丸棒,MC,φ55,,,,,,bar,,18.7,JIS 一般構造用,,
丸棒,MC,φ60,,,,,,bar,,22.2,JIS 一般構造用,,
丸棒,MC,φ65,,,,,,bar,,26,JIS 一般構造用,,
丸棒,MC,φ70,,,,,,bar,,30.2,JIS 一般構造用,,
丸棒,MC,φ75,,,,,,bar,,34.7,JIS 一般構造用,,
丸棒,MC,φ80,,,,,,bar,,39.5,JIS 一般構造用,,
丸棒,MC,φ85,,,,,,bar,,44.5,JIS 一般構造用,,
丸棒,MC,φ90,,,,,,bar,,49.5,JIS 一般構造用,,
丸棒,MC,φ95,,,,,,bar,,55.6,JIS 一般構造用,,
丸棒,MC,φ100,,,,,,bar,,61.7,JIS 一般構造用,,
丸棒,MC,φ110,,,,,,bar,,74.6,JIS 一般構造用,,
丸棒,MC,φ120,,,,,,bar,,88.8,JIS 一般構造用,,
丸棒,MC,φ130,,,,,,bar,,104,JIS 一般構造用,,
丸棒,MC,φ150,,,,,,bar,,139,JIS 一般構造用,,
,,,,,,,,,,,,,
角鉄,SB,9.52×9.52,,,,,,bar,,0.711,,,
角鉄,SB,12.7×12.7,,,,,,bar,,1.27,,,
角鉄,SB,16×16,,,,,,bar,,2.01,,,
角鉄,SB,19×19,,,,,,bar,,2.83,,,
角鉄,SB,22×22,,,,,,bar,,3.8,,,
角鉄,SB,25×25,,,,,,bar,,4.91,,,
角鉄,SB,28×28,,,,,,bar,,6.15,,,
角鉄,SB,32×32,,,,,,bar,,8.04,,,
角鉄,SB,38×38,,,,,,bar,,11.35,,,
角鉄,SB,44×44,,,,,,bar,,15.2,,,
角鉄,SB,50×50,,,,,,bar,,19.63,,,
角鉄,SB,65×65,,,,,,bar,,33.2,,,
角鉄,SB,75×75,,,,,,bar,,44.2,,,
角鉄,SB,90×90,,,,,,bar,,63.6,,,
角鉄,SB,100×100,,,,,,bar,,78.5,,,
,,,,,,,,,,,,,
,,,,,,,,,,,,,
,,,,,,,,,,,,,
エキスパンドメタル,EXM,XS-31,,,1.2,12,30.5,kg/m2,,2.36,,,
エキスパンドメタル,EXM,XS-32,,,1.6,12,30.5,kg/m2,,4.19,,,
エキスパンドメタル,EXM,XS-33,,,2.3,12,30.5,kg/m2,,9.03,,,
エキスパンドメタル,EXM,XS-41,,,1.6,22,50.8,kg/m2,,2.28,,,
エキスパンドメタル,EXM,XS-42,,,2.3,22,50.8,kg/m2,,4.1,,,
エキスパンドメタル,EXM,XS-43,,,3.2,22,50.8,kg/m2,,8,,,
エキスパンドメタル,EXM,XS-61,,,2.3,34,76.2,kg/m2,,3.19,,,
エキスパンドメタル,EXM,XS-62,,,3.2,34,76.2,kg/m2,,5.91,,,
エキスパンドメタル,EXM,XS-63,,,4.5,34,76.2,kg/m2,,10.4,,,
エキスパンドメタル,EXM,XG-21,,,4.5,36,101.6,kg/m2,,13.7,,,
エキスパンドメタル,EXM,XG-22,,,6,36,101.6,kg/m2,,18.3,,,
エキスパンドメタル,EXM,XG-23,,,8,36,101.6,kg/m2,,31.4,,,
,,,,,,,,,,,,,
アイビーム,I,100×75×5,,,,,,bar,,12.9,,,
アイビーム,I,125×75×5.5,,,,,,bar,,16.1,,,
アイビーム,I,150×75×5.5,,,,,,bar,,17.1,,,
アイビーム,I,150×125×8.5,,,,,,bar,,36.2,,,
アイビーム,I,200×100×7,,,,,,bar,,26,,,
アイビーム,I,200×150×8,,,,,,bar,,50.4,,,
アイビーム,I,250×125×7.5,,,,,,bar,,38.3,,,
アイビーム,I,250×125×10,,,,,,bar,,55.5,,,
アイビーム,I,300×150×8,,,,,,bar,,48.3,,,
アイビーム,I,300×150×10,,,,,,bar,,65.5,,,
アイビーム,I,300×150×11.5,,,,,,bar,,76.8,,,
アイビーム,I,350×150×9,,,,,,bar,,58.5,,,
アイビーム,I,350×150×12,,,,,,bar,,87.2,,,
アイビーム,I,400×150×10,,,,,,bar,,72,,,
アイビーム,I,400×150×12.5,,,,,,bar,,95.8,,,
アイビーム,I,450×175×11,,,,,,bar,,91.7,,,
アイビーム,I,450×175×13,,,,,,bar,,115,,,
,,,,,,,,,,,,,
リップ溝形鋼,LC,1.6×60×30×10,,,,,,bar,,1.63,,,
リップ溝形鋼,LC,2.3×60×30×10,,,,,,bar,,2.25,,,
,,,,,,,,,,,,,
リップ溝形鋼,LC,1.6×75×45×15,,,,,,bar,,2.32,,,
リップ溝形鋼,LC,2.3×75×45×15,,,,,,bar,,3.25,,,
,,,,,,,,,,,,,
リップ溝形鋼,LC,1.6×100×50×20,,,,,,bar,,2.88,,,
リップ溝形鋼,LC,2.3×100×50×20,,,,,,bar,,4.06,,,
リップ溝形鋼,LC,3.2×100×50×20,,,,,,bar,,5.5,,,
,,,,,,,,,,,,,
リップ溝形鋼,LC,2.3×125×60×20,,,,,,bar,,4.78,,,
リップ溝形鋼,LC,3.2×125×60×20,,,,,,bar,,6.51,,,
,,,,,,,,bar,,,,,
リップ溝形鋼,LC,2.3×150×50×20,,,,,,bar,,4.96,,,
リップ溝形鋼,LC,3.2×150×50×20,,,,,,bar,,6.76,,,
,,,,,,,,,,,,,
リップ溝形鋼,LC,3.2×150×65×20,,,,,,bar,,7.51,,,
リップ溝形鋼,LC,3.2×150×75×20,,,,,,bar,,8.01,,,
リップ溝形鋼,LC,4.5×150×75×25,,,,,,bar,,11.3,,,
,,,,,,,,,,,,,
リップ溝形鋼,LC,3.2×200×75×20,,,,,,bar,,9.27,,,
リップ溝形鋼,LC,3.2×200×75×25,,,,,,bar,,9.52,,,
リップ溝形鋼,LC,4.5×200×75×25,,,,,,bar,,13.1,,,
,,,,,,,,,,,,,
軽溝形鋼,LC,1.6×40×20,,,,,,bar,,0.939,,,
軽溝形鋼,LC,2.3×40×20,,,,,,bar,,1.31,,,
,,,,,,,,,,,,,
軽溝形鋼,LC,1.6×60×30,,,,,,bar,,1.44,,,
軽溝形鋼,LC,2.3×60×30,,,,,,bar,,2.03,,,
,,,,,,,,,,,,,
軽溝形鋼,LC,2.3×80×40,,,,,,bar,,2.75,,,
軽溝形鋼,LC,2.3×100×40,,,,,,bar,,3.11,,,
,,,,,,,,,,,,,
軽溝形鋼,LC,2.3×100×50,,,,,,bar,,3.47,,,
軽溝形鋼,LC,3.2×100×50,,,,,,bar,,4.76,,,
,,,,,,,,,,,,,
軽溝形鋼,LC,3.2×120×40,,,,,,bar,,4.76,,,
軽溝形鋼,LC,3.2×150×50,,,,,,bar,,6.02,,,
,,,,,,,,,,,,,
軽溝形鋼,LC,4.5×150×50,,,,,,bar,,8.31,,,
軽溝形鋼,LC,4.5×150×75,,,,,,bar,,10.1,,,
,,,,,,,,,,,,,
軽溝形鋼,LC,3.2×200×50,,,,,,bar,,7.27,,,
軽溝形鋼,LC,4.5×200×50,,,,,,bar,,10.1,,,
,,,,,,,,,,,,,
軽溝形鋼,LC,4.5×200×75,,,,,,bar,,11.8,,,
軽溝形鋼,LC,6.0×200×75,,,,,,bar,,15.6,,,
,,,,,,,,,,,,,
軽溝形鋼,LC,4.0×250×50,,,,,,bar,,10.6,,,
軽溝形鋼,LC,4.5×250×50,,,,,,bar,,11.8,,,
,,,,,,,,,,,,,
軽溝形鋼,LC,4.5×250×75,,,,,,bar,,13.6,,,
軽溝形鋼,LC,6.0×250×75,,,,,,bar,,17.9,,,
,,,,,,,,,,,,,
軽溝形鋼,LC,4.0×300×50,,,,,,bar,,12.1,,,
軽溝形鋼,LC,4.5×300×50,,,,,,bar,,15.4,,,
,,,,,,,,,,,,,
薄鉄板,PL,3×6,,,0.29,,,kg/枚,,3.81,t=0.29mm,,
薄鉄板,PL,3×6,,,0.32,,,kg/枚,,4.2,t=0.32mm,,
薄鉄板,PL,3×6,,,0.35,,,kg/枚,,4.59,t=0.35mm,,
薄鉄板,PL,3×6,,,0.4,,,kg/枚,,5.25,t=0.4mm,,
薄鉄板,PL,3×6,,,0.5,,,kg/枚,,6.56,t=0.5mm,,
薄鉄板,PL,3×6,,,0.6,,,kg/枚,,7.88,t=0.6mm,,
薄鉄板,PL,3×6,,,0.7,,,kg/枚,,9.19,t=0.7mm,,
薄鉄板,PL,3×6,,,0.8,,,kg/枚,,10.5,t=0.8mm,,
薄鉄板,PL,4×8,,,0.8,,,kg/枚,,18.7,t=0.8mm,,
薄鉄板,PL,3×6,,,1,,,kg/枚,,13.1,t=1.0.mm,,
薄鉄板,PL,4×8,,,1,,,kg/枚,,23.3,t=1.0.mm,,
薄鉄板,,,,,,,,,,,,,
薄鉄板,PL,3×6,,,1.2,,,kg/枚,,15.8,t=1.2mm,,
薄鉄板,PL,4×8,,,1.2,,,kg/枚,,28,t=1.2mm,,
,,,,,,,,,,,,,
鋼板,PL,3×6,,,1.6,,,kg/枚,,21,t=1.6mm,,
鋼板,PL,4×8,,,1.6,,,kg/枚,,37.3,t=1.6mm,,
鋼板,PL,5×10,,,1.6,,,kg/枚,,58.3,t=1.6mm,,
,,,,,,,,,,,,,
鋼板,PL,3×6,,,2.3,,,kg/枚,,30.2,t=2.3mm,,
鋼板,PL,4×8,,,2.3,,,kg/枚,,53.7,t=2.3mm,,
鋼板,PL,5×10,,,2.3,,,kg/枚,,83.9,t=2.3mm,,
,,,,,,,,,,,,,
鋼板,PL,3×6,,,3.2,,,kg/枚,,42,t=3.2mm,,
鋼板,PL,4×8,,,3.2,,,kg/枚,,74.7,t=3.2mm,,
鋼板,PL,5×10,,,3.2,,,kg/枚,,117,t=3.2mm,,
,,,,,,,,,,,,,
鋼板,PL,3×6,,,4.5,,,kg/枚,,59.1,t=4.5mm,,
鋼板,PL,4×8,,,4.5,,,kg/枚,,105,t=4.5mm,,
鋼板,PL,5×10,,,4.5,,,kg/枚,,164,t=4.5mm,,
,,,,,,,,,,,,,
鋼板,PL,3×6,,,6,,,kg/枚,,78.8,t=6mm,,
鋼板,PL,4×8,,,6,,,kg/枚,,140,t=6mm,,
鋼板,PL,5×10,,,6,,,kg/枚,,219,t=6mm,,
,,,,,,,,,,,,,
鋼板,PL,3×6,,,9,,,kg/枚,,118,t=9mm,,
鋼板,PL,4×8,,,9,,,kg/枚,,210,t=9mm,,
鋼板,PL,5×10,,,9,,,kg/枚,,328,t=9mm,,
,,,,,,,,,,,,,
鋼板,PL,3×6,,,12,,,kg/枚,,158,t=12mm,,
鋼板,PL,4×8,,,12,,,kg/枚,,280,t=12mm,,
鋼板,PL,5×10,,,12,,,kg/枚,,438,t=12mm,,
,,,,,,,,,,,,,
鋼板,PL,3×6,,,16,,,kg/枚,,210,t=16mm,,
鋼板,PL,4×8,,,16,,,kg/枚,,373,t=16mm,,
鋼板,PL,5×10,,,16,,,kg/枚,,583,t=16mm,,
,,,,,,,,,,,,,
鋼板,PL,3×6,,,19,,,kg/枚,,249,t=19mm,,
鋼板,PL,4×8,,,19,,,kg/枚,,443,t=19mm,,
鋼板,PL,5×10,,,19,,,kg/枚,,693,t=19mm,,
,,,,,,,,,,,,,
鋼板,PL,3×6,,,22,,,kg/枚,,289,t=22mm,,
鋼板,PL,4×8,,,22,,,kg/枚,,513,t=22mm,,
鋼板,PL,5×10,,,22,,,kg/枚,,802,t=22mm,,
,,,,,,,,,,,,,
鋼板,PL,3×6,,,25,,,kg/枚,,328,t=25mm,,
鋼板,PL,4×8,,,25,,,kg/枚,,583,t=25mm,,
鋼板,PL,5×10,,,25,,,kg/枚,,911,t=25mm,,
,,,,,,,,,,,,,
鋼板,PL,3×6,,,28,,,kg/枚,,368,t=28mm,,
鋼板,PL,4×8,,,28,,,kg/枚,,653,t=28mm,,
鋼板,PL,5×10,,,28,,,kg/枚,,1021,t=28mm,,
,,,,,,,,,,,,,
鋼板,PL,3×6,,,32,,,kg/枚,,420,t=32mm,,
鋼板,PL,4×8,,,32,,,kg/枚,,747,t=32mm,,
鋼板,PL,5×10,,,32,,,kg/枚,,1167,t=32mm,,
,,,,,,,,,,,,,
鋼板,PL,3×6,,,36,,,kg/枚,,473,t=36mm,,
鋼板,PL,4×8,,,36,,,kg/枚,,840,t=36mm,,
鋼板,PL,5×10,,,36,,,kg/枚,,1313,t=36mm,,
,,,,,,,,,,,,,
鋼板,PL,3×6,,,38,,,kg/枚,,499,t=38mm,,
鋼板,PL,4×8,,,38,,,kg/枚,,887,t=38mm,,
鋼板,PL,5×10,,,38,,,kg/枚,,4386,t=38mm,,
,,,,,,,,,,,,,
鋼板,PL,3×6,,,45,,,kg/枚,,591,t=45mm,,
鋼板,PL,4×8,,,45,,,kg/枚,,1050,t=45mm,,
鋼板,PL,5×10,,,45,,,kg/枚,,1641,t=45mm,,
,,,,,,,,,,,,,
鋼板,PL,3×6,,,50,,,kg/枚,,656,t=50mm,,
鋼板,PL,4×8,,,50,,,kg/枚,,1167,t=50mm,,
鋼板,PL,5×10,,,50,,,kg/枚,,1823,t=50mm,,
,,,,,,,,,,,,,
薄鉄板,PL,m2,,,0.29,,,kg/m2,,,,,
薄鉄板,PL,m2,,,0.32,,,kg/m2,,,,,
薄鉄板,PL,m2,,,0.35,,,kg/m2,,,,,
薄鉄板,PL,m2,,,0.4,,,kg/m2,,,,,
薄鉄板,PL,m2,,,0.5,,,kg/m2,,,,,
薄鉄板,PL,m2,,,0.6,,,kg/m2,,,,,
薄鉄板,PL,m2,,,0.7,,,kg/m2,,,,,
薄鉄板,PL,m2,,,0.8,,,kg/m2,,,,,
薄鉄板,PL,m2,,,1,,,kg/m2,,,,,
薄鉄板,PL,m2,,,1.2,,,kg/m2,,,,,
鋼板,PL,m2,,,1.6,,,kg/m2,,12.56,,,
鋼板,PL,m2,,,2.3,,,kg/m2,,18.06,,,
鋼板,PL,m2,,,3.2,,,kg/m2,,25.12,,,
鋼板,PL,m2,,,4.5,,,kg/m2,,35.32,,,
鋼板,PL,m2,,,6,,,kg/m2,,47.1,,,
鋼板,PL,m2,,,9,,,kg/m2,,70.65,,,
鋼板,PL,m2,,,12,,,kg/m2,,94.2,,,
鋼板,PL,m2,,,16,,,kg/m2,,125.6,,,
鋼板,PL,m2,,,19,,,kg/m2,,149.2,,,
鋼板,PL,m2,,,22,,,kg/m2,,172.7,,,
鋼板,PL,m2,,,25,,,kg/m2,,196.25,,,
鋼板,PL,m2,,,28,,,kg/m2,,219.8,,,
鋼板,PL,m2,,,32,,,kg/m2,,251.2,,,
鋼板,PL,m2,,,36,,,kg/m2,,282.6,,,
鋼板,PL,m2,,,38,,,kg/m2,,298.3,,,
鋼板,PL,m2,,,45,,,kg/m2,,353.2,,,
鋼板,PL,m2,,,50,,,kg/m2,,392.5,,,
,,,,,,,,,,,,,
縞鋼板,CH,m2,,,2.3,,,kg/m2,,19.76,縞鋼板 ㎡単重（t=2.3）,,
縞鋼板,CH,3×6,,,2.3,,,kg/枚,,33,縞鋼板 3×6（914×1829）t=2.3,,
縞鋼板,CH,4×8,,,2.3,,,kg/枚,,58.7,縞鋼板 4×8（1219×2438）t=2.3,,
,,,,,,,,,,,,,
縞鋼板,CH,m2,,,3.2,,,kg/m2,,26.79,縞鋼板 ㎡単重（t=3.2）,,
縞鋼板,CH,3×6,,,3.2,,,kg/枚,,44.8,縞鋼板 3×6（914×1829）t=3.2,,
縞鋼板,CH,4×8,,,3.2,,,kg/枚,,79.6,縞鋼板 4×8（1219×2438）t=3.2,,
縞鋼板,CH,5×10,,,3.2,,,kg/枚,,124,縞鋼板 5×10（1524×3048）t=3.2,,
,,,,,,,,,,,,,
縞鋼板,CH,m2,,,4.5,,,kg/m2,,36.99,縞鋼板 ㎡単重（t=4.5）,,
縞鋼板,CH,3×6,,,4.5,,,kg/枚,,61.8,縞鋼板 3×6（914×1829）t=4.5,,
縞鋼板,CH,4×8,,,4.5,,,kg/枚,,110,縞鋼板 4×8（1219×2438）t=4.5,,
縞鋼板,CH,5×10,,,4.5,,,kg/枚,,172,縞鋼板 5×10（1524×3048）t=4.5,,
,,,,,,,,,,,,,
縞鋼板,CH,m2,,,6,,,kg/m2,,48.77,縞鋼板 ㎡単重（t=6.0）,,
縞鋼板,CH,3×6,,,6,,,kg/枚,,81.5,縞鋼板 3×6（914×1829）t=6.0,,
縞鋼板,CH,4×8,,,6,,,kg/枚,,145,縞鋼板 4×8（1219×2438）t=6.0,,
縞鋼板,CH,5×10,,,6,,,kg/枚,,227,縞鋼板 5×10（1524×3048）t=6.0,,
,,,,,,,,,,,,,
縞鋼板,CH,m2,,,9,,,kg/m2,,72.32,縞鋼板 ㎡単重（t=9.0）,,
縞鋼板,CH,3×6,,,9,,,kg/枚,,121,縞鋼板 3×6（914×1829）t=9.0,,
縞鋼板,CH,4×8,,,9,,,kg/枚,,215,縞鋼板 4×8（1219×2438）t=9.0,,
縞鋼板,CH,5×10,,,9,,,kg/枚,,336,縞鋼板 5×10（1524×3048）t=9.0,,
,,,,,,,,,,,,,
縞鋼板,CH,m2,,,12,,,kg/m2,,95.87,縞鋼板 ㎡単重（t=12.0）,,
縞鋼板,CH,3×6,,,12,,,kg/枚,,160,縞鋼板 3×6（914×1829）t=12.0,,
縞鋼板,CH,4×8,,,12,,,kg/枚,,285,縞鋼板 4×8（1219×2438）t=12.0,,
縞鋼板,CH,5×10,,,12,,,kg/枚,,445,縞鋼板 5×10（1524×3048）t=12.0,,
,,,,,,,,,,,,,
コラム,STKR,200×200×6,,,,,,bar,6,35.8,STKR400,,
コラム,STKR,200×200×8,,,,,,bar,6,46.9,STKR400,,
コラム,STKR,200×200×9,,,,,,bar,6,52.3,STKR400,,
コラム,STKR,200×200×12,,,,,,bar,6,67.9,STKR400,,
,,,,,,,,,,,,,
コラム,STKR,250×250×6,,,,,,bar,6,45.2,STKR400,,
コラム,STKR,250×250×9,,,,,,bar,6,66.5,STKR400,,
コラム,STKR,250×250×12,,,,,,bar,6,86.8,STKR400,,
コラム,STKR,250×250×16,,,,,,bar,6,112,STKR400,,
,,,,,,,,,,,,,
コラム,STKR,300×300×6,,,,,,bar,6,54.7,STKR400,,
コラム,STKR,300×300×9,,,,,,bar,6,80.6,STKR400,,
コラム,STKR,300×300×12,,,,,,bar,6,106,STKR400,,
コラム,STKR,300×300×16,,,,,,bar,6,138,STKR400,,
コラム,STKR,300×300×19,,,,,,bar,6,160,STKR400,,
,,,,,,,,,,,,,
コラム,STKR,350×350×9,,,,,,bar,6,94.7,STKR400,,
コラム,STKR,350×350×12,,,,,,bar,6,124,STKR400,,
コラム,STKR,350×350×16,,,,,,bar,6,163,STKR400,,
コラム,STKR,350×350×19,,,,,,bar,6,190,STKR400,,
,,,,,,,,,,,,,
コラム,STKR,400×400×9,,,,,,bar,6,109,STKR400,,
コラム,STKR,400×400×12,,,,,,bar,6,143,STKR400,,
コラム,STKR,400×400×16,,,,,,bar,6,188,STKR400,,
コラム,STKR,400×400×19,,,,,,bar,6,220,STKR400,,
,,,,,,,,,,,,,
,,,,,,,,,,,,,
一般構造用鋼管(STK),STK,21.7,,,1.9,,,bar,5.5,0.928,JIS一般構造用鋼管,,
一般構造用鋼管(STK),STK,27.2,,,1.9,,,bar,5.5,1.19,JIS一般構造用鋼管,,
一般構造用鋼管(STK),STK,27.2,,,2.3,,,bar,5.5,1.41,JIS一般構造用鋼管,,
一般構造用鋼管(STK),STK,34,,,2.3,,,bar,5.5,1.8,JIS一般構造用鋼管,,
一般構造用鋼管(STK),STK,42.7,,,2.3,,,bar,5.5,2.29,JIS一般構造用鋼管,,
一般構造用鋼管(STK),STK,48.6,,,2.3,,,bar,5.5,2.63,JIS一般構造用鋼管,,
一般構造用鋼管(STK),STK,60.5,,,2.3,,,bar,5.5,3.3,JIS一般構造用鋼管,,
一般構造用鋼管(STK),STK,76.3,,,2.8,,,bar,5.5,5.08,JIS一般構造用鋼管,,
一般構造用鋼管(STK),STK,89.1,,,2.8,,,bar,5.5,5.96,JIS一般構造用鋼管,,
一般構造用鋼管(STK),STK,101.6,,,3.2,,,bar,5.5,7.76,JIS一般構造用鋼管,,
一般構造用鋼管(STK),STK,114.3,,,3.5,,,bar,5.5,9.56,JIS一般構造用鋼管,,
一般構造用鋼管(STK),STK,139.8,,,3.5,,,bar,5.5,11.8,JIS一般構造用鋼管,,
一般構造用鋼管(STK),STK,165.2,,,3.7,,,bar,5.5,14.7,JIS一般構造用鋼管,,
一般構造用鋼管(STK),STK,216.3,,,4.5,,,bar,5.5,23.5,JIS一般構造用鋼管,,
,,,,,,,,,,,,,
角パイプ（長方形）,STKR,1.6×60×30,,,1.6,60,30,bar,6,2.13,一般構造用角形鋼管,,
角パイプ（長方形）,STKR,2.3×60×30,,,2.3,60,30,bar,6,2.98,一般構造用角形鋼管,,
角パイプ（長方形）,STKR,3.2×60×30,,,3.2,60,30,bar,6,3.99,一般構造用角形鋼管,,
,,,,,,,,,,,,,
角パイプ（長方形）,STKR,2.3×75×45,,,2.3,75,45,bar,6,4.06,一般構造用角形鋼管,,
角パイプ（長方形）,STKR,3.2×75×45,,,3.2,75,45,bar,6,5.5,一般構造用角形鋼管,,
,,,,,,,,,,,,,
角パイプ（長方形）,STKR,2.3×100×50,,,2.3,100,50,bar,6,5.14,一般構造用角形鋼管,,
角パイプ（長方形）,STKR,3.2×100×50,,,3.2,100,50,bar,6,7.01,一般構造用角形鋼管,,
,,,,,,,,,,,,,
角パイプ（長方形）,STKR,2.3×125×75,,,2.3,125,75,bar,6,6.95,一般構造用角形鋼管,,
角パイプ（長方形）,STKR,3.2×125×75,,,3.2,125,75,bar,6,9.52,一般構造用角形鋼管,,
,,,,,,,,,,,,,
角パイプ（長方形）,STKR,3.2×150×100,,,3.2,150,100,bar,6,12,一般構造用角形鋼管,,
角パイプ（長方形）,STKR,4.5×150×100,,,4.5,150,100,bar,6,16.6,一般構造用角形鋼管,,
角パイプ（長方形）,STKR,6.0×150×100,,,6,150,100,bar,6,21.7,一般構造用角形鋼管,,
,,,,,,,,,,,,,
角パイプ（長方形）,STKR,4.5×200×100,,,4.5,200,100,bar,6,20.1,一般構造用角形鋼管,,
角パイプ（長方形）,STKR,6.0×200×100,,,6,200,100,bar,6,26.4,一般構造用角形鋼管,,
,,,,,,,,,,,,,
不等辺アングル,L,50×75×6,,,6,,,bar,,5.67,不等辺アングル,,
不等辺アングル,L,75×90×6,,,6,,,bar,,7.56,不等辺アングル,,
不等辺アングル,L,75×90×9,,,9,,,bar,,11,不等辺アングル,,
不等辺アングル,L,75×100×7,,,7,,,bar,,9.32,不等辺アングル,,
不等辺アングル,L,75×100×10,,,10,,,bar,,13,不等辺アングル,,
不等辺アングル,L,75×100×13,,,13,,,bar,,16.5,不等辺アングル,,
不等辺アングル,L,75×125×7,,,7,,,bar,,10.7,不等辺アングル,,
不等辺アングル,L,75×125×10,,,10,,,bar,,14.9,不等辺アングル,,
不等辺アングル,L,75×125×13,,,13,,,bar,,19.1,不等辺アングル,,
不等辺アングル,L,90×125×10,,,10,,,bar,,16.1,不等辺アングル,,
不等辺アングル,L,90×125×13,,,13,,,bar,,20.6,不等辺アングル,,
不等辺アングル,L,90×150×9,,,9,,,bar,,16.4,不等辺アングル,,
不等辺アングル,L,90×150×12,,,12,,,bar,,21.5,不等辺アングル,,
不等辺アングル,L,100×150×9,,,9,,,bar,,17.1,不等辺アングル,,
不等辺アングル,L,100×150×12,,,12,,,bar,,22.4,不等辺アングル,,
不等辺アングル,L,100×150×15,,,15,,,bar,,27.7,不等辺アングル,,
,,,,,,,,,,,,,
レール,R,6kg,,,,,,bar,,5.98,軽レール,,
レール,R,9kg,,,,,,bar,,8.94,軽レール,,
レール,R,10kg,,,,,,bar,,10.1,軽レール,,
レール,R,12kg,,,,,,bar,,12.2,軽レール,,
レール,R,15kg,,,,,,bar,,15.2,軽レール,,
レール,R,22kg,,,,,,bar,,22.3,軽レール,,
レール,R,30kg,,,,,,bar,,30.1,軽レール,,
,,,,,,,,,,,,,
スケジュール管Sch40,Sch,6A,10.5,,1.7,,,bar,5.5,0.369,Sch40,,
スケジュール管Sch40,Sch,8A,13.8,,2.2,,,bar,5.5,0.629,Sch40,,
スケジュール管Sch40,Sch,10A,17.3,,2.3,,,bar,5.5,0.851,Sch40,,
スケジュール管Sch40,Sch,15A,21.7,,2.8,,,bar,5.5,1.31,Sch40,,
スケジュール管Sch40,Sch,20A,27.2,,2.9,,,bar,5.5,1.74,Sch40,,
スケジュール管Sch40,Sch,25A,34,,3.4,,,bar,5.5,2.57,Sch40,,
スケジュール管Sch40,Sch,32A,42.7,,3.6,,,bar,5.5,3.47,Sch40,,
スケジュール管Sch40,Sch,40A,48.6,,3.7,,,bar,5.5,4.1,Sch40,,
スケジュール管Sch40,Sch,50A,60.5,,3.9,,,bar,5.5,5.44,Sch40,,
スケジュール管Sch40,Sch,65A,76.3,,5.2,,,bar,5.5,9.12,Sch40,,
スケジュール管Sch40,Sch,80A,89.1,,5.5,,,bar,5.5,11.3,Sch40,,
スケジュール管Sch40,Sch,90A,101.6,,5.7,,,bar,,13.5,Sch40,,
スケジュール管Sch40,Sch,100A,114.3,,6,,,bar,5.5,16,Sch40,,
スケジュール管Sch40,Sch,125A,139.8,,6.6,,,bar,5.5,21.7,Sch40,,
スケジュール管Sch40,Sch,150A,165.2,,7.1,,,bar,5.5,27.7,Sch40,,
スケジュール管Sch40,Sch,175A,,,ー,,,bar,,ー,Sch40,,
スケジュール管Sch40,Sch,200A,216.3,,8.2,,,bar,5.5,42.1,Sch40,,
スケジュール管Sch40,Sch,250A,267.4,,9.3,,,bar,5.5,59.2,Sch40,,
スケジュール管Sch40,Sch,300A,318.5,,10.3,,,bar,5.5,78.3,Sch40,,
スケジュール管Sch40,Sch,350A,355.6,,11.1,,,bar,5.5,94.3,Sch40,,
スケジュール管Sch40,Sch,400A,406.4,,12.7,,,bar,5.5,123,Sch40,,
,,,,,,,,,,,,,
スケジュール管Sch60,Sch,6A,10.5,,2.2,,,bar,5.5,0.45,Sch60,,
スケジュール管Sch60,Sch,8A,13.8,,2.4,,,bar,5.5,0.675,Sch60,,
スケジュール管Sch60,Sch,10A,17.3,,2.8,,,bar,5.5,1,Sch60,,
スケジュール管Sch60,Sch,15A,21.7,,3.2,,,bar,5.5,1.46,Sch60,,
スケジュール管Sch60,Sch,20A,27.2,,3.4,,,bar,5.5,2,Sch60,,
スケジュール管Sch60,Sch,25A,34,,3.9,,,bar,5.5,2.89,Sch60,,
スケジュール管Sch60,Sch,32A,42.7,,4.5,,,bar,5.5,4.24,Sch60,,
スケジュール管Sch60,Sch,40A,48.6,,4.5,,,bar,5.5,4.89,Sch60,,
スケジュール管Sch60,Sch,50A,60.5,,4.9,,,bar,5.5,6.72,Sch60,,
スケジュール管Sch60,Sch,65A,76.3,,6,,,bar,5.5,10.4,Sch60,,
スケジュール管Sch60,Sch,80A,89.1,,6.6,,,bar,5.5,13.4,Sch60,,
スケジュール管Sch60,Sch,90A,101.6,,7,,,bar,5.5,16.3,Sch60,,
スケジュール管Sch60,Sch,100A,114.3,,7.1,,,bar,5.5,18.8,Sch60,,
スケジュール管Sch60,Sch,125A,139.8,,8.1,,,bar,5.5,26.3,Sch60,,
スケジュール管Sch60,Sch,150A,165.2,,9.3,,,bar,5.5,35.8,Sch60,,
スケジュール管Sch60,Sch,175A,190.7,,ー,,,bar,5.5,ー,Sch60,,
スケジュール管Sch60,Sch,200A,216.3,,10.3,,,bar,5.5,52.3,Sch60,,
スケジュール管Sch60,Sch,250A,267.4,,12.7,,,bar,5.5,79.8,Sch60,,
スケジュール管Sch60,Sch,300A,318.5,,14.3,,,bar,5.5,107,Sch60,,
スケジュール管Sch60,Sch,350A,355.6,,15.1,,,bar,5.5,127,Sch60,,
スケジュール管Sch60,Sch,400A,406.4,,16.7,,,bar,5.5,160,Sch60,,
,,,,,,,,,,,,,
スケジュール管Sch80,Sch,6A,10.5,,2.4,,,bar,5.5,0.479,Sch80,,
スケジュール管Sch80,Sch,8A,13.8,,3,,,bar,5.5,0.799,Sch80,,
スケジュール管Sch80,Sch,10A,17.3,,3.2,,,bar,5.5,1.11,Sch80,,
スケジュール管Sch80,Sch,15A,21.7,,3.7,,,bar,5.5,1.64,Sch80,,
スケジュール管Sch80,Sch,20A,27.2,,3.9,,,bar,5.5,2.24,Sch80,,
スケジュール管Sch80,Sch,25A,34,,4.6,,,bar,5.5,3.27,Sch80,,
スケジュール管Sch80,Sch,32A,42.7,,4.9,,,bar,5.5,4.57,Sch80,,
スケジュール管Sch80,Sch,40A,48.6,,5.1,,,bar,5.5,5.47,Sch80,,
スケジュール管Sch80,Sch,50A,60.5,,5.5,,,bar,5.5,7.46,Sch80,,
スケジュール管Sch80,Sch,65A,76.3,,7,,,bar,5.5,12,Sch80,,
スケジュール管Sch80,Sch,80A,89.1,,7.6,,,bar,5.5,15.3,Sch80,,
スケジュール管Sch80,Sch,90A,101.6,,8.1,,,bar,5.5,18.7,Sch80,,
スケジュール管Sch80,Sch,100A,114.3,,8.6,,,bar,5.5,22.4,Sch80,,
スケジュール管Sch80,Sch,125A,139.8,,9.5,,,bar,5.5,30.5,Sch80,,
スケジュール管Sch80,Sch,150A,165.2,,11,,,bar,5.5,41.8,Sch80,,
スケジュール管Sch80,Sch,175A,190.7,,ー,,,bar,5.5,ー,Sch80,,
スケジュール管Sch80,Sch,200A,216.3,,12.7,,,bar,5.5,63.8,Sch80,,
スケジュール管Sch80,Sch,250A,267.4,,15.1,,,bar,5.5,93.9,Sch80,,
スケジュール管Sch80,Sch,300A,318.5,,17.4,,,bar,5.5,129,Sch80,,
スケジュール管Sch80,Sch,350A,355.6,,19,,,bar,5.5,158,Sch80,,
スケジュール管Sch80,Sch,400A,406.4,,21.4,,,bar,5.5,203,Sch80,,
,,,,,,,,,,,,,
スケジュール管Sch100,Sch,40A,48.6,,6.35,,,bar,5.5,6.64,Sch100,,
スケジュール管Sch100,Sch,50A,60.5,,7.11,,,bar,5.5,8.53,Sch100,,
スケジュール管Sch100,Sch,65A,76.3,,8.18,,,bar,5.5,12.7,Sch100,,
スケジュール管Sch100,Sch,80A,89.1,,8.74,,,bar,5.5,15.3,Sch100,,
スケジュール管Sch100,Sch,100A,114.3,,10.31,,,bar,5.5,22.3,Sch100,,
